{
    "accuracy": 0.5781796966161027,
    "confusion_matrix": "[[491 366]\n [357 500]]",
    "classification_report": {
        "Fit": {
            "precision": 0.5790094339622641,
            "recall": 0.572928821470245,
            "f1-score": 0.5759530791788856,
            "support": 857.0
        },
        "Not Fit": {
            "precision": 0.5773672055427251,
            "recall": 0.5834305717619603,
            "f1-score": 0.5803830528148578,
            "support": 857.0
        },
        "accuracy": 0.5781796966161027,
        "macro avg": {
            "precision": 0.5781883197524946,
            "recall": 0.5781796966161027,
            "f1-score": 0.5781680659968718,
            "support": 1714.0
        },
        "weighted avg": {
            "precision": 0.5781883197524946,
            "recall": 0.5781796966161027,
            "f1-score": 0.5781680659968716,
            "support": 1714.0
        }
    },
    "per_class_precision": "[0.57900943 0.57736721]",
    "per_class_recall": "[0.57292882 0.58343057]",
    "per_class_f1": "[0.57595308 0.58038305]",
    "per_class_support": "[857 857]",
    "macro_precision": 0.5781883197524946,
    "macro_recall": 0.5781796966161027,
    "macro_f1": 0.5781680659968718,
    "micro_precision": 0.5781796966161027,
    "micro_recall": 0.5781796966161027,
    "micro_f1": 0.5781796966161027,
    "weighted_precision": 0.5781883197524946,
    "weighted_recall": 0.5781796966161027,
    "weighted_f1": 0.5781680659968716,
    "y_true": "674     1\n75      1\n1617    0\n763     1\n1483    0\n       ..\n145     1\n585     1\n208     1\n623     1\n73      1\nName: label, Length: 1714, dtype: int64",
    "y_pred": "[0 0 0 ... 0 1 1]",
    "class_labels": [
        "Fit",
        "Not Fit"
    ],
    "num_samples": 1714,
    "num_classes": 2
}