{
    "accuracy": 0.6126021003500584,
    "confusion_matrix": "[[568 289]\n [375 482]]",
    "classification_report": {
        "Fit": {
            "precision": 0.6023329798515377,
            "recall": 0.662777129521587,
            "f1-score": 0.6311111111111111,
            "support": 857.0
        },
        "Not Fit": {
            "precision": 0.6251621271076524,
            "recall": 0.5624270711785297,
            "f1-score": 0.5921375921375921,
            "support": 857.0
        },
        "accuracy": 0.6126021003500584,
        "macro avg": {
            "precision": 0.6137475534795951,
            "recall": 0.6126021003500584,
            "f1-score": 0.6116243516243516,
            "support": 1714.0
        },
        "weighted avg": {
            "precision": 0.613747553479595,
            "recall": 0.6126021003500584,
            "f1-score": 0.6116243516243516,
            "support": 1714.0
        }
    },
    "per_class_precision": "[0.60233298 0.62516213]",
    "per_class_recall": "[0.66277713 0.56242707]",
    "per_class_f1": "[0.63111111 0.59213759]",
    "per_class_support": "[857 857]",
    "macro_precision": 0.6137475534795951,
    "macro_recall": 0.6126021003500584,
    "macro_f1": 0.6116243516243516,
    "micro_precision": 0.6126021003500584,
    "micro_recall": 0.6126021003500584,
    "micro_f1": 0.6126021003500584,
    "weighted_precision": 0.613747553479595,
    "weighted_recall": 0.6126021003500584,
    "weighted_f1": 0.6116243516243516,
    "y_true": "674     1\n75      1\n1617    0\n763     1\n1483    0\n       ..\n145     1\n585     1\n208     1\n623     1\n73      1\nName: label, Length: 1714, dtype: int64",
    "y_pred": "[0 1 0 ... 0 0 1]",
    "class_labels": [
        "Fit",
        "Not Fit"
    ],
    "num_samples": 1714,
    "num_classes": 2
}