{
    "accuracy": 0.6441073512252042,
    "confusion_matrix": "[[594 263]\n [347 510]]",
    "classification_report": {
        "Fit": {
            "precision": 0.6312433581296493,
            "recall": 0.6931155192532089,
            "f1-score": 0.660734149054505,
            "support": 857.0
        },
        "Not Fit": {
            "precision": 0.6597671410090556,
            "recall": 0.5950991831971996,
            "f1-score": 0.6257668711656442,
            "support": 857.0
        },
        "accuracy": 0.6441073512252042,
        "macro avg": {
            "precision": 0.6455052495693525,
            "recall": 0.6441073512252042,
            "f1-score": 0.6432505101100746,
            "support": 1714.0
        },
        "weighted avg": {
            "precision": 0.6455052495693525,
            "recall": 0.6441073512252042,
            "f1-score": 0.6432505101100746,
            "support": 1714.0
        }
    },
    "per_class_precision": "[0.63124336 0.65976714]",
    "per_class_recall": "[0.69311552 0.59509918]",
    "per_class_f1": "[0.66073415 0.62576687]",
    "per_class_support": "[857 857]",
    "macro_precision": 0.6455052495693525,
    "macro_recall": 0.6441073512252042,
    "macro_f1": 0.6432505101100746,
    "micro_precision": 0.6441073512252042,
    "micro_recall": 0.6441073512252042,
    "micro_f1": 0.6441073512252042,
    "weighted_precision": 0.6455052495693525,
    "weighted_recall": 0.6441073512252042,
    "weighted_f1": 0.6432505101100746,
    "y_true": "674     1\n75      1\n1617    0\n763     1\n1483    0\n       ..\n145     1\n585     1\n208     1\n623     1\n73      1\nName: label, Length: 1714, dtype: int64",
    "y_pred": "[0 1 0 ... 0 0 1]",
    "class_labels": [
        "Fit",
        "Not Fit"
    ],
    "num_samples": 1714,
    "num_classes": 2
}