{
    "accuracy": 0.6446907817969662,
    "confusion_matrix": "[[556 301]\n [308 549]]",
    "classification_report": {
        "Fit": {
            "precision": 0.6435185185185185,
            "recall": 0.6487747957992999,
            "f1-score": 0.6461359674607786,
            "support": 857.0
        },
        "Not Fit": {
            "precision": 0.6458823529411765,
            "recall": 0.6406067677946324,
            "f1-score": 0.6432337434094904,
            "support": 857.0
        },
        "accuracy": 0.6446907817969662,
        "macro avg": {
            "precision": 0.6447004357298475,
            "recall": 0.6446907817969662,
            "f1-score": 0.6446848554351345,
            "support": 1714.0
        },
        "weighted avg": {
            "precision": 0.6447004357298475,
            "recall": 0.6446907817969662,
            "f1-score": 0.6446848554351344,
            "support": 1714.0
        }
    },
    "per_class_precision": "[0.64351852 0.64588235]",
    "per_class_recall": "[0.6487748  0.64060677]",
    "per_class_f1": "[0.64613597 0.64323374]",
    "per_class_support": "[857 857]",
    "macro_precision": 0.6447004357298475,
    "macro_recall": 0.6446907817969662,
    "macro_f1": 0.6446848554351345,
    "micro_precision": 0.6446907817969662,
    "micro_recall": 0.6446907817969662,
    "micro_f1": 0.6446907817969662,
    "weighted_precision": 0.6447004357298475,
    "weighted_recall": 0.6446907817969662,
    "weighted_f1": 0.6446848554351344,
    "y_true": "674     1\n75      1\n1617    0\n763     1\n1483    0\n       ..\n145     1\n585     1\n208     1\n623     1\n73      1\nName: label, Length: 1714, dtype: int64",
    "y_pred": "[0 1 0 ... 0 0 1]",
    "class_labels": [
        "Fit",
        "Not Fit"
    ],
    "num_samples": 1714,
    "num_classes": 2
}