{
    "accuracy": 0.6429404900816803,
    "confusion_matrix": "[[580 277]\n [335 522]]",
    "classification_report": {
        "Fit": {
            "precision": 0.6338797814207651,
            "recall": 0.676779463243874,
            "f1-score": 0.654627539503386,
            "support": 857.0
        },
        "Not Fit": {
            "precision": 0.6533166458072591,
            "recall": 0.6091015169194866,
            "f1-score": 0.6304347826086957,
            "support": 857.0
        },
        "accuracy": 0.6429404900816803,
        "macro avg": {
            "precision": 0.6435982136140121,
            "recall": 0.6429404900816802,
            "f1-score": 0.6425311610560409,
            "support": 1714.0
        },
        "weighted avg": {
            "precision": 0.6435982136140121,
            "recall": 0.6429404900816803,
            "f1-score": 0.6425311610560408,
            "support": 1714.0
        }
    },
    "per_class_precision": "[0.63387978 0.65331665]",
    "per_class_recall": "[0.67677946 0.60910152]",
    "per_class_f1": "[0.65462754 0.63043478]",
    "per_class_support": "[857 857]",
    "macro_precision": 0.6435982136140121,
    "macro_recall": 0.6429404900816802,
    "macro_f1": 0.6425311610560409,
    "micro_precision": 0.6429404900816803,
    "micro_recall": 0.6429404900816803,
    "micro_f1": 0.6429404900816803,
    "weighted_precision": 0.6435982136140121,
    "weighted_recall": 0.6429404900816803,
    "weighted_f1": 0.6425311610560408,
    "y_true": "674     1\n75      1\n1617    0\n763     1\n1483    0\n       ..\n145     1\n585     1\n208     1\n623     1\n73      1\nName: label, Length: 1714, dtype: int64",
    "y_pred": "[0 1 0 ... 0 0 1]",
    "class_labels": [
        "Fit",
        "Not Fit"
    ],
    "num_samples": 1714,
    "num_classes": 2
}