{
    "accuracy": 0.6341890315052509,
    "confusion_matrix": "[[558 299]\n [328 529]]",
    "classification_report": {
        "Fit": {
            "precision": 0.6297968397291196,
            "recall": 0.6511085180863477,
            "f1-score": 0.6402753872633391,
            "support": 857.0
        },
        "Not Fit": {
            "precision": 0.6388888888888888,
            "recall": 0.617269544924154,
            "f1-score": 0.627893175074184,
            "support": 857.0
        },
        "accuracy": 0.6341890315052509,
        "macro avg": {
            "precision": 0.6343428643090042,
            "recall": 0.6341890315052509,
            "f1-score": 0.6340842811687615,
            "support": 1714.0
        },
        "weighted avg": {
            "precision": 0.6343428643090042,
            "recall": 0.6341890315052509,
            "f1-score": 0.6340842811687616,
            "support": 1714.0
        }
    },
    "per_class_precision": "[0.62979684 0.63888889]",
    "per_class_recall": "[0.65110852 0.61726954]",
    "per_class_f1": "[0.64027539 0.62789318]",
    "per_class_support": "[857 857]",
    "macro_precision": 0.6343428643090042,
    "macro_recall": 0.6341890315052509,
    "macro_f1": 0.6340842811687615,
    "micro_precision": 0.6341890315052509,
    "micro_recall": 0.6341890315052509,
    "micro_f1": 0.6341890315052509,
    "weighted_precision": 0.6343428643090042,
    "weighted_recall": 0.6341890315052509,
    "weighted_f1": 0.6340842811687616,
    "y_true": "674     1\n75      1\n1617    0\n763     1\n1483    0\n       ..\n145     1\n585     1\n208     1\n623     1\n73      1\nName: label, Length: 1714, dtype: int64",
    "y_pred": "[0 1 0 ... 1 0 1]",
    "class_labels": [
        "Fit",
        "Not Fit"
    ],
    "num_samples": 1714,
    "num_classes": 2
}