{
    "accuracy": 0.6522753792298717,
    "confusion_matrix": "[[575 282]\n [314 543]]",
    "classification_report": {
        "Fit": {
            "precision": 0.6467941507311586,
            "recall": 0.6709451575262544,
            "f1-score": 0.6586483390607102,
            "support": 857.0
        },
        "Not Fit": {
            "precision": 0.6581818181818182,
            "recall": 0.6336056009334889,
            "f1-score": 0.6456599286563615,
            "support": 857.0
        },
        "accuracy": 0.6522753792298717,
        "macro avg": {
            "precision": 0.6524879844564884,
            "recall": 0.6522753792298717,
            "f1-score": 0.6521541338585358,
            "support": 1714.0
        },
        "weighted avg": {
            "precision": 0.6524879844564885,
            "recall": 0.6522753792298717,
            "f1-score": 0.6521541338585358,
            "support": 1714.0
        }
    },
    "per_class_precision": "[0.64679415 0.65818182]",
    "per_class_recall": "[0.67094516 0.6336056 ]",
    "per_class_f1": "[0.65864834 0.64565993]",
    "per_class_support": "[857 857]",
    "macro_precision": 0.6524879844564884,
    "macro_recall": 0.6522753792298717,
    "macro_f1": 0.6521541338585358,
    "micro_precision": 0.6522753792298717,
    "micro_recall": 0.6522753792298717,
    "micro_f1": 0.6522753792298717,
    "weighted_precision": 0.6524879844564885,
    "weighted_recall": 0.6522753792298717,
    "weighted_f1": 0.6521541338585358,
    "y_true": "674     1\n75      1\n1617    0\n763     1\n1483    0\n       ..\n145     1\n585     1\n208     1\n623     1\n73      1\nName: label, Length: 1714, dtype: int64",
    "y_pred": "[0 1 0 ... 0 0 1]",
    "class_labels": [
        "Fit",
        "Not Fit"
    ],
    "num_samples": 1714,
    "num_classes": 2
}