{
    "accuracy": 0.6295215869311552,
    "confusion_matrix": "[[546 311]\n [324 533]]",
    "classification_report": {
        "Fit": {
            "precision": 0.6275862068965518,
            "recall": 0.6371061843640606,
            "f1-score": 0.6323103647944412,
            "support": 857.0
        },
        "Not Fit": {
            "precision": 0.6315165876777251,
            "recall": 0.6219369894982497,
            "f1-score": 0.6266901822457378,
            "support": 857.0
        },
        "accuracy": 0.6295215869311552,
        "macro avg": {
            "precision": 0.6295513972871385,
            "recall": 0.6295215869311552,
            "f1-score": 0.6295002735200895,
            "support": 1714.0
        },
        "weighted avg": {
            "precision": 0.6295513972871385,
            "recall": 0.6295215869311552,
            "f1-score": 0.6295002735200894,
            "support": 1714.0
        }
    },
    "per_class_precision": "[0.62758621 0.63151659]",
    "per_class_recall": "[0.63710618 0.62193699]",
    "per_class_f1": "[0.63231036 0.62669018]",
    "per_class_support": "[857 857]",
    "macro_precision": 0.6295513972871385,
    "macro_recall": 0.6295215869311552,
    "macro_f1": 0.6295002735200895,
    "micro_precision": 0.6295215869311552,
    "micro_recall": 0.6295215869311552,
    "micro_f1": 0.6295215869311552,
    "weighted_precision": 0.6295513972871385,
    "weighted_recall": 0.6295215869311552,
    "weighted_f1": 0.6295002735200894,
    "y_true": "674     1\n75      1\n1617    0\n763     1\n1483    0\n       ..\n145     1\n585     1\n208     1\n623     1\n73      1\nName: label, Length: 1714, dtype: int64",
    "y_pred": "[0 1 0 ... 0 0 1]",
    "class_labels": [
        "Fit",
        "Not Fit"
    ],
    "num_samples": 1714,
    "num_classes": 2
}