{
    "accuracy": 0.45079735511474134,
    "confusion_matrix": "[[355 299 203]\n [193 368 296]\n [209 212 436]]",
    "classification_report": {
        "Good Fit": {
            "precision": 0.46895640686922063,
            "recall": 0.41423570595099185,
            "f1-score": 0.4399008674101611,
            "support": 857.0
        },
        "Potential Fit": {
            "precision": 0.41865756541524457,
            "recall": 0.4294049008168028,
            "f1-score": 0.423963133640553,
            "support": 857.0
        },
        "Not Fit": {
            "precision": 0.4663101604278075,
            "recall": 0.5087514585764294,
            "f1-score": 0.48660714285714285,
            "support": 857.0
        },
        "accuracy": 0.45079735511474134,
        "macro avg": {
            "precision": 0.4513080442374242,
            "recall": 0.45079735511474134,
            "f1-score": 0.45015704796928563,
            "support": 2571.0
        },
        "weighted avg": {
            "precision": 0.4513080442374242,
            "recall": 0.45079735511474134,
            "f1-score": 0.4501570479692857,
            "support": 2571.0
        }
    },
    "per_class_precision": "[0.46895641 0.41865757 0.46631016]",
    "per_class_recall": "[0.41423571 0.4294049  0.50875146]",
    "per_class_f1": "[0.43990087 0.42396313 0.48660714]",
    "per_class_support": "[857 857 857]",
    "macro_precision": 0.4513080442374242,
    "macro_recall": 0.45079735511474134,
    "macro_f1": 0.45015704796928563,
    "micro_precision": 0.45079735511474134,
    "micro_recall": 0.45079735511474134,
    "micro_f1": 0.45079735511474134,
    "weighted_precision": 0.4513080442374242,
    "weighted_recall": 0.45079735511474134,
    "weighted_f1": 0.4501570479692857,
    "y_true": "1136    1\n476     2\n659     2\n1610    0\n339     2\n       ..\n1239    1\n957     1\n954     1\n1144    1\n1127    1\nName: label, Length: 2571, dtype: int64",
    "y_pred": "[2 2 0 ... 0 1 1]",
    "class_labels": [
        "Good Fit",
        "Potential Fit",
        "Not Fit"
    ],
    "num_samples": 2571,
    "num_classes": 3
}