{
    "accuracy": 0.6411901983663943,
    "confusion_matrix": "[[556 301]\n [314 543]]",
    "classification_report": {
        "Fit": {
            "precision": 0.639080459770115,
            "recall": 0.6487747957992999,
            "f1-score": 0.6438911407064273,
            "support": 857.0
        },
        "Not Fit": {
            "precision": 0.6433649289099526,
            "recall": 0.6336056009334889,
            "f1-score": 0.6384479717813051,
            "support": 857.0
        },
        "accuracy": 0.6411901983663943,
        "macro avg": {
            "precision": 0.6412226943400338,
            "recall": 0.6411901983663943,
            "f1-score": 0.6411695562438662,
            "support": 1714.0
        },
        "weighted avg": {
            "precision": 0.6412226943400338,
            "recall": 0.6411901983663943,
            "f1-score": 0.6411695562438661,
            "support": 1714.0
        }
    },
    "per_class_precision": "[0.63908046 0.64336493]",
    "per_class_recall": "[0.6487748 0.6336056]",
    "per_class_f1": "[0.64389114 0.63844797]",
    "per_class_support": "[857 857]",
    "macro_precision": 0.6412226943400338,
    "macro_recall": 0.6411901983663943,
    "macro_f1": 0.6411695562438662,
    "micro_precision": 0.6411901983663943,
    "micro_recall": 0.6411901983663943,
    "micro_f1": 0.6411901983663943,
    "weighted_precision": 0.6412226943400338,
    "weighted_recall": 0.6411901983663943,
    "weighted_f1": 0.6411695562438661,
    "y_true": "674     1\n75      1\n1617    0\n763     1\n1483    0\n       ..\n145     1\n585     1\n208     1\n623     1\n73      1\nName: label, Length: 1714, dtype: int64",
    "y_pred": "[0 1 0 ... 1 0 1]",
    "class_labels": [
        "Fit",
        "Not Fit"
    ],
    "num_samples": 1714,
    "num_classes": 2
}