{
    "accuracy": 0.6394399066511085,
    "confusion_matrix": "[[557 300]\n [318 539]]",
    "classification_report": {
        "Fit": {
            "precision": 0.6365714285714286,
            "recall": 0.6499416569428238,
            "f1-score": 0.6431870669745958,
            "support": 857.0
        },
        "Not Fit": {
            "precision": 0.6424314660309892,
            "recall": 0.6289381563593932,
            "f1-score": 0.6356132075471698,
            "support": 857.0
        },
        "accuracy": 0.6394399066511085,
        "macro avg": {
            "precision": 0.6395014473012088,
            "recall": 0.6394399066511085,
            "f1-score": 0.6394001372608829,
            "support": 1714.0
        },
        "weighted avg": {
            "precision": 0.6395014473012088,
            "recall": 0.6394399066511085,
            "f1-score": 0.6394001372608827,
            "support": 1714.0
        }
    },
    "per_class_precision": "[0.63657143 0.64243147]",
    "per_class_recall": "[0.64994166 0.62893816]",
    "per_class_f1": "[0.64318707 0.63561321]",
    "per_class_support": "[857 857]",
    "macro_precision": 0.6395014473012088,
    "macro_recall": 0.6394399066511085,
    "macro_f1": 0.6394001372608829,
    "micro_precision": 0.6394399066511085,
    "micro_recall": 0.6394399066511085,
    "micro_f1": 0.6394399066511085,
    "weighted_precision": 0.6395014473012088,
    "weighted_recall": 0.6394399066511085,
    "weighted_f1": 0.6394001372608827,
    "y_true": "674     1\n75      1\n1617    0\n763     1\n1483    0\n       ..\n145     1\n585     1\n208     1\n623     1\n73      1\nName: label, Length: 1714, dtype: int64",
    "y_pred": "[0 1 0 ... 1 0 1]",
    "class_labels": [
        "Fit",
        "Not Fit"
    ],
    "num_samples": 1714,
    "num_classes": 2
}