{
    "accuracy": 0.5151691948658109,
    "confusion_matrix": "[[611 246]\n [585 272]]",
    "classification_report": {
        "Fit": {
            "precision": 0.5108695652173914,
            "recall": 0.7129521586931156,
            "f1-score": 0.5952264978080857,
            "support": 857.0
        },
        "Not Fit": {
            "precision": 0.525096525096525,
            "recall": 0.31738623103850644,
            "f1-score": 0.3956363636363636,
            "support": 857.0
        },
        "accuracy": 0.5151691948658109,
        "macro avg": {
            "precision": 0.5179830451569583,
            "recall": 0.515169194865811,
            "f1-score": 0.4954314307222246,
            "support": 1714.0
        },
        "weighted avg": {
            "precision": 0.5179830451569583,
            "recall": 0.5151691948658109,
            "f1-score": 0.49543143072222456,
            "support": 1714.0
        }
    },
    "per_class_precision": "[0.51086957 0.52509653]",
    "per_class_recall": "[0.71295216 0.31738623]",
    "per_class_f1": "[0.5952265  0.39563636]",
    "per_class_support": "[857 857]",
    "macro_precision": 0.5179830451569583,
    "macro_recall": 0.515169194865811,
    "macro_f1": 0.4954314307222246,
    "micro_precision": 0.5151691948658109,
    "micro_recall": 0.5151691948658109,
    "micro_f1": 0.5151691948658109,
    "weighted_precision": 0.5179830451569583,
    "weighted_recall": 0.5151691948658109,
    "weighted_f1": 0.49543143072222456,
    "y_true": "674     1\n75      1\n1617    0\n763     1\n1483    0\n       ..\n145     1\n585     1\n208     1\n623     1\n73      1\nName: label, Length: 1714, dtype: int64",
    "y_pred": "[0 1 0 ... 0 0 0]",
    "class_labels": [
        "Fit",
        "Not Fit"
    ],
    "num_samples": 1714,
    "num_classes": 2
}