{
    "accuracy": 0.4264264264264264,
    "confusion_matrix": "[[150 120 174]\n [ 96 220 128]\n [ 74 172 198]]",
    "classification_report": {
        "Good Fit": {
            "precision": 0.46875,
            "recall": 0.33783783783783783,
            "f1-score": 0.39267015706806285,
            "support": 444.0
        },
        "Potential Fit": {
            "precision": 0.4296875,
            "recall": 0.4954954954954955,
            "f1-score": 0.4602510460251046,
            "support": 444.0
        },
        "No Fit": {
            "precision": 0.396,
            "recall": 0.44594594594594594,
            "f1-score": 0.4194915254237288,
            "support": 444.0
        },
        "accuracy": 0.4264264264264264,
        "macro avg": {
            "precision": 0.43147916666666664,
            "recall": 0.42642642642642636,
            "f1-score": 0.42413757617229875,
            "support": 1332.0
        },
        "weighted avg": {
            "precision": 0.4314791666666667,
            "recall": 0.4264264264264264,
            "f1-score": 0.42413757617229875,
            "support": 1332.0
        }
    },
    "per_class_precision": "[0.46875   0.4296875 0.396    ]",
    "per_class_recall": "[0.33783784 0.4954955  0.44594595]",
    "per_class_f1": "[0.39267016 0.46025105 0.41949153]",
    "per_class_support": "[444 444 444]",
    "macro_precision": 0.43147916666666664,
    "macro_recall": 0.42642642642642636,
    "macro_f1": 0.42413757617229875,
    "micro_precision": 0.4264264264264264,
    "micro_recall": 0.4264264264264264,
    "micro_f1": 0.4264264264264264,
    "weighted_precision": 0.4314791666666667,
    "weighted_recall": 0.4264264264264264,
    "weighted_f1": 0.42413757617229875,
    "y_true": "1130    2\n1123    2\n1160    2\n1386    0\n1484    0\n       ..\n1020    2\n1197    2\n1297    2\n117     1\n1209    2\nName: label, Length: 1332, dtype: int64",
    "y_pred": "[2 2 1 ... 2 0 2]",
    "class_labels": [
        "Good Fit",
        "Potential Fit",
        "No Fit"
    ],
    "num_samples": 1332,
    "num_classes": 3
}