{
    "accuracy": 0.5851808634772462,
    "confusion_matrix": "[[544 313]\n [398 459]]",
    "classification_report": {
        "Fit": {
            "precision": 0.5774946921443737,
            "recall": 0.6347724620770129,
            "f1-score": 0.6047804335742079,
            "support": 857.0
        },
        "Not Fit": {
            "precision": 0.594559585492228,
            "recall": 0.5355892648774796,
            "f1-score": 0.56353591160221,
            "support": 857.0
        },
        "accuracy": 0.5851808634772462,
        "macro avg": {
            "precision": 0.5860271388183008,
            "recall": 0.5851808634772462,
            "f1-score": 0.5841581725882089,
            "support": 1714.0
        },
        "weighted avg": {
            "precision": 0.5860271388183008,
            "recall": 0.5851808634772462,
            "f1-score": 0.5841581725882089,
            "support": 1714.0
        }
    },
    "per_class_precision": "[0.57749469 0.59455959]",
    "per_class_recall": "[0.63477246 0.53558926]",
    "per_class_f1": "[0.60478043 0.56353591]",
    "per_class_support": "[857 857]",
    "macro_precision": 0.5860271388183008,
    "macro_recall": 0.5851808634772462,
    "macro_f1": 0.5841581725882089,
    "micro_precision": 0.5851808634772462,
    "micro_recall": 0.5851808634772462,
    "micro_f1": 0.5851808634772462,
    "weighted_precision": 0.5860271388183008,
    "weighted_recall": 0.5851808634772462,
    "weighted_f1": 0.5841581725882089,
    "y_true": "674     1\n75      1\n1617    0\n763     1\n1483    0\n       ..\n145     1\n585     1\n208     1\n623     1\n73      1\nName: label, Length: 1714, dtype: int64",
    "y_pred": "[0 1 0 ... 0 0 0]",
    "class_labels": [
        "Fit",
        "Not Fit"
    ],
    "num_samples": 1714,
    "num_classes": 2
}