{
    "accuracy": 0.6493582263710619,
    "confusion_matrix": "[[561 296]\n [305 552]]",
    "classification_report": {
        "Fit": {
            "precision": 0.6478060046189377,
            "recall": 0.6546091015169195,
            "f1-score": 0.6511897852582704,
            "support": 857.0
        },
        "Not Fit": {
            "precision": 0.6509433962264151,
            "recall": 0.6441073512252042,
            "f1-score": 0.6475073313782991,
            "support": 857.0
        },
        "accuracy": 0.6493582263710619,
        "macro avg": {
            "precision": 0.6493747004226764,
            "recall": 0.6493582263710619,
            "f1-score": 0.6493485583182848,
            "support": 1714.0
        },
        "weighted avg": {
            "precision": 0.6493747004226763,
            "recall": 0.6493582263710619,
            "f1-score": 0.6493485583182848,
            "support": 1714.0
        }
    },
    "per_class_precision": "[0.647806  0.6509434]",
    "per_class_recall": "[0.6546091  0.64410735]",
    "per_class_f1": "[0.65118979 0.64750733]",
    "per_class_support": "[857 857]",
    "macro_precision": 0.6493747004226764,
    "macro_recall": 0.6493582263710619,
    "macro_f1": 0.6493485583182848,
    "micro_precision": 0.6493582263710619,
    "micro_recall": 0.6493582263710619,
    "micro_f1": 0.6493582263710619,
    "weighted_precision": 0.6493747004226763,
    "weighted_recall": 0.6493582263710619,
    "weighted_f1": 0.6493485583182848,
    "y_true": "674     1\n75      1\n1617    0\n763     1\n1483    0\n       ..\n145     1\n585     1\n208     1\n623     1\n73      1\nName: label, Length: 1714, dtype: int64",
    "y_pred": "[0 1 0 ... 1 0 1]",
    "class_labels": [
        "Fit",
        "Not Fit"
    ],
    "num_samples": 1714,
    "num_classes": 2
}