{
    "accuracy": 0.5980163360560093,
    "confusion_matrix": "[[528 329]\n [360 497]]",
    "classification_report": {
        "Fit": {
            "precision": 0.5945945945945946,
            "recall": 0.6161026837806302,
            "f1-score": 0.6051575931232092,
            "support": 857.0
        },
        "Not Fit": {
            "precision": 0.6016949152542372,
            "recall": 0.5799299883313885,
            "f1-score": 0.5906120023767083,
            "support": 857.0
        },
        "accuracy": 0.5980163360560093,
        "macro avg": {
            "precision": 0.5981447549244159,
            "recall": 0.5980163360560093,
            "f1-score": 0.5978847977499587,
            "support": 1714.0
        },
        "weighted avg": {
            "precision": 0.5981447549244159,
            "recall": 0.5980163360560093,
            "f1-score": 0.5978847977499587,
            "support": 1714.0
        }
    },
    "per_class_precision": "[0.59459459 0.60169492]",
    "per_class_recall": "[0.61610268 0.57992999]",
    "per_class_f1": "[0.60515759 0.590612  ]",
    "per_class_support": "[857 857]",
    "macro_precision": 0.5981447549244159,
    "macro_recall": 0.5980163360560093,
    "macro_f1": 0.5978847977499587,
    "micro_precision": 0.5980163360560093,
    "micro_recall": 0.5980163360560093,
    "micro_f1": 0.5980163360560093,
    "weighted_precision": 0.5981447549244159,
    "weighted_recall": 0.5980163360560093,
    "weighted_f1": 0.5978847977499587,
    "y_true": "674     1\n75      1\n1617    0\n763     1\n1483    0\n       ..\n145     1\n585     1\n208     1\n623     1\n73      1\nName: label, Length: 1714, dtype: int64",
    "y_pred": "[1 1 0 ... 0 0 1]",
    "class_labels": [
        "Fit",
        "Not Fit"
    ],
    "num_samples": 1714,
    "num_classes": 2
}