{
    "accuracy": 0.6423570595099183,
    "confusion_matrix": "[[610 247]\n [366 491]]",
    "classification_report": {
        "Fit": {
            "precision": 0.625,
            "recall": 0.7117852975495916,
            "f1-score": 0.6655755591925805,
            "support": 857.0
        },
        "Not Fit": {
            "precision": 0.6653116531165312,
            "recall": 0.572928821470245,
            "f1-score": 0.6156739811912225,
            "support": 857.0
        },
        "accuracy": 0.6423570595099183,
        "macro avg": {
            "precision": 0.6451558265582655,
            "recall": 0.6423570595099184,
            "f1-score": 0.6406247701919014,
            "support": 1714.0
        },
        "weighted avg": {
            "precision": 0.6451558265582656,
            "recall": 0.6423570595099183,
            "f1-score": 0.6406247701919014,
            "support": 1714.0
        }
    },
    "per_class_precision": "[0.625      0.66531165]",
    "per_class_recall": "[0.7117853  0.57292882]",
    "per_class_f1": "[0.66557556 0.61567398]",
    "per_class_support": "[857 857]",
    "macro_precision": 0.6451558265582655,
    "macro_recall": 0.6423570595099184,
    "macro_f1": 0.6406247701919014,
    "micro_precision": 0.6423570595099183,
    "micro_recall": 0.6423570595099183,
    "micro_f1": 0.6423570595099183,
    "weighted_precision": 0.6451558265582656,
    "weighted_recall": 0.6423570595099183,
    "weighted_f1": 0.6406247701919014,
    "y_true": "674     1\n75      1\n1617    0\n763     1\n1483    0\n       ..\n145     1\n585     1\n208     1\n623     1\n73      1\nName: label, Length: 1714, dtype: int64",
    "y_pred": "[0 1 0 ... 1 0 1]",
    "class_labels": [
        "Fit",
        "Not Fit"
    ],
    "num_samples": 1714,
    "num_classes": 2
}