{
    "accuracy": 0.6476079346557759,
    "confusion_matrix": "[[572 285]\n [319 538]]",
    "classification_report": {
        "Fit": {
            "precision": 0.6419753086419753,
            "recall": 0.6674445740956826,
            "f1-score": 0.6544622425629291,
            "support": 857.0
        },
        "Not Fit": {
            "precision": 0.6537059538274606,
            "recall": 0.6277712952158693,
            "f1-score": 0.6404761904761904,
            "support": 857.0
        },
        "accuracy": 0.6476079346557759,
        "macro avg": {
            "precision": 0.6478406312347179,
            "recall": 0.6476079346557759,
            "f1-score": 0.6474692165195597,
            "support": 1714.0
        },
        "weighted avg": {
            "precision": 0.6478406312347179,
            "recall": 0.6476079346557759,
            "f1-score": 0.6474692165195597,
            "support": 1714.0
        }
    },
    "per_class_precision": "[0.64197531 0.65370595]",
    "per_class_recall": "[0.66744457 0.6277713 ]",
    "per_class_f1": "[0.65446224 0.64047619]",
    "per_class_support": "[857 857]",
    "macro_precision": 0.6478406312347179,
    "macro_recall": 0.6476079346557759,
    "macro_f1": 0.6474692165195597,
    "micro_precision": 0.6476079346557759,
    "micro_recall": 0.6476079346557759,
    "micro_f1": 0.6476079346557759,
    "weighted_precision": 0.6478406312347179,
    "weighted_recall": 0.6476079346557759,
    "weighted_f1": 0.6474692165195597,
    "y_true": "674     1\n75      1\n1617    0\n763     1\n1483    0\n       ..\n145     1\n585     1\n208     1\n623     1\n73      1\nName: label, Length: 1714, dtype: int64",
    "y_pred": "[0 1 0 ... 1 0 1]",
    "class_labels": [
        "Fit",
        "Not Fit"
    ],
    "num_samples": 1714,
    "num_classes": 2
}