{
    "accuracy": 0.6866977829638273,
    "confusion_matrix": "[[640 217]\n [320 537]]",
    "classification_report": {
        "Fit": {
            "precision": 0.6666666666666666,
            "recall": 0.7467911318553092,
            "f1-score": 0.7044578976334618,
            "support": 857.0
        },
        "Not Fit": {
            "precision": 0.7122015915119363,
            "recall": 0.6266044340723453,
            "f1-score": 0.6666666666666666,
            "support": 857.0
        },
        "accuracy": 0.6866977829638273,
        "macro avg": {
            "precision": 0.6894341290893015,
            "recall": 0.6866977829638272,
            "f1-score": 0.6855622821500642,
            "support": 1714.0
        },
        "weighted avg": {
            "precision": 0.6894341290893015,
            "recall": 0.6866977829638273,
            "f1-score": 0.6855622821500642,
            "support": 1714.0
        }
    },
    "per_class_precision": "[0.66666667 0.71220159]",
    "per_class_recall": "[0.74679113 0.62660443]",
    "per_class_f1": "[0.7044579  0.66666667]",
    "per_class_support": "[857 857]",
    "macro_precision": 0.6894341290893015,
    "macro_recall": 0.6866977829638272,
    "macro_f1": 0.6855622821500642,
    "micro_precision": 0.6866977829638273,
    "micro_recall": 0.6866977829638273,
    "micro_f1": 0.6866977829638273,
    "weighted_precision": 0.6894341290893015,
    "weighted_recall": 0.6866977829638273,
    "weighted_f1": 0.6855622821500642,
    "y_true": "674     1\n75      1\n1617    0\n763     1\n1483    0\n       ..\n145     1\n585     1\n208     1\n623     1\n73      1\nName: label, Length: 1714, dtype: int64",
    "y_pred": "[0 1 0 ... 0 0 1]",
    "class_labels": [
        "Fit",
        "Not Fit"
    ],
    "num_samples": 1714,
    "num_classes": 2
}