{
    "accuracy": 0.6429404900816803,
    "confusion_matrix": "[[579 278]\n [334 523]]",
    "classification_report": {
        "Fit": {
            "precision": 0.6341730558598029,
            "recall": 0.67561260210035,
            "f1-score": 0.6542372881355932,
            "support": 857.0
        },
        "Not Fit": {
            "precision": 0.6529338327091136,
            "recall": 0.6102683780630105,
            "f1-score": 0.6308805790108565,
            "support": 857.0
        },
        "accuracy": 0.6429404900816803,
        "macro avg": {
            "precision": 0.6435534442844583,
            "recall": 0.6429404900816802,
            "f1-score": 0.6425589335732249,
            "support": 1714.0
        },
        "weighted avg": {
            "precision": 0.6435534442844583,
            "recall": 0.6429404900816803,
            "f1-score": 0.6425589335732248,
            "support": 1714.0
        }
    },
    "per_class_precision": "[0.63417306 0.65293383]",
    "per_class_recall": "[0.6756126  0.61026838]",
    "per_class_f1": "[0.65423729 0.63088058]",
    "per_class_support": "[857 857]",
    "macro_precision": 0.6435534442844583,
    "macro_recall": 0.6429404900816802,
    "macro_f1": 0.6425589335732249,
    "micro_precision": 0.6429404900816803,
    "micro_recall": 0.6429404900816803,
    "micro_f1": 0.6429404900816803,
    "weighted_precision": 0.6435534442844583,
    "weighted_recall": 0.6429404900816803,
    "weighted_f1": 0.6425589335732248,
    "y_true": "674     1\n75      1\n1617    0\n763     1\n1483    0\n       ..\n145     1\n585     1\n208     1\n623     1\n73      1\nName: label, Length: 1714, dtype: int64",
    "y_pred": "[0 1 0 ... 0 0 1]",
    "class_labels": [
        "Fit",
        "Not Fit"
    ],
    "num_samples": 1714,
    "num_classes": 2
}