{
    "accuracy": 0.5950991831971996,
    "confusion_matrix": "[[481 376]\n [318 539]]",
    "classification_report": {
        "Fit": {
            "precision": 0.6020025031289111,
            "recall": 0.5612602100350058,
            "f1-score": 0.5809178743961353,
            "support": 857.0
        },
        "Not Fit": {
            "precision": 0.5890710382513661,
            "recall": 0.6289381563593932,
            "f1-score": 0.608352144469526,
            "support": 857.0
        },
        "accuracy": 0.5950991831971996,
        "macro avg": {
            "precision": 0.5955367706901387,
            "recall": 0.5950991831971995,
            "f1-score": 0.5946350094328307,
            "support": 1714.0
        },
        "weighted avg": {
            "precision": 0.5955367706901387,
            "recall": 0.5950991831971996,
            "f1-score": 0.5946350094328307,
            "support": 1714.0
        }
    },
    "per_class_precision": "[0.6020025  0.58907104]",
    "per_class_recall": "[0.56126021 0.62893816]",
    "per_class_f1": "[0.58091787 0.60835214]",
    "per_class_support": "[857 857]",
    "macro_precision": 0.5955367706901387,
    "macro_recall": 0.5950991831971995,
    "macro_f1": 0.5946350094328307,
    "micro_precision": 0.5950991831971996,
    "micro_recall": 0.5950991831971996,
    "micro_f1": 0.5950991831971996,
    "weighted_precision": 0.5955367706901387,
    "weighted_recall": 0.5950991831971996,
    "weighted_f1": 0.5946350094328307,
    "y_true": "674     1\n75      1\n1617    0\n763     1\n1483    0\n       ..\n145     1\n585     1\n208     1\n623     1\n73      1\nName: label, Length: 1714, dtype: int64",
    "y_pred": "[1 1 0 ... 0 0 1]",
    "class_labels": [
        "Fit",
        "Not Fit"
    ],
    "num_samples": 1714,
    "num_classes": 2
}