{
    "accuracy": 0.5332555425904317,
    "confusion_matrix": "[[515 342]\n [458 399]]",
    "classification_report": {
        "Fit": {
            "precision": 0.5292908530318602,
            "recall": 0.6009334889148191,
            "f1-score": 0.5628415300546448,
            "support": 857.0
        },
        "Not Fit": {
            "precision": 0.5384615384615384,
            "recall": 0.46557759626604434,
            "f1-score": 0.49937421777221525,
            "support": 857.0
        },
        "accuracy": 0.5332555425904317,
        "macro avg": {
            "precision": 0.5338761957466993,
            "recall": 0.5332555425904317,
            "f1-score": 0.5311078739134301,
            "support": 1714.0
        },
        "weighted avg": {
            "precision": 0.5338761957466993,
            "recall": 0.5332555425904317,
            "f1-score": 0.53110787391343,
            "support": 1714.0
        }
    },
    "per_class_precision": "[0.52929085 0.53846154]",
    "per_class_recall": "[0.60093349 0.4655776 ]",
    "per_class_f1": "[0.56284153 0.49937422]",
    "per_class_support": "[857 857]",
    "macro_precision": 0.5338761957466993,
    "macro_recall": 0.5332555425904317,
    "macro_f1": 0.5311078739134301,
    "micro_precision": 0.5332555425904317,
    "micro_recall": 0.5332555425904317,
    "micro_f1": 0.5332555425904317,
    "weighted_precision": 0.5338761957466993,
    "weighted_recall": 0.5332555425904317,
    "weighted_f1": 0.53110787391343,
    "y_true": "674     1\n75      1\n1617    0\n763     1\n1483    0\n       ..\n145     1\n585     1\n208     1\n623     1\n73      1\nName: label, Length: 1714, dtype: int64",
    "y_pred": "[0 1 0 ... 1 0 0]",
    "class_labels": [
        "Fit",
        "Not Fit"
    ],
    "num_samples": 1714,
    "num_classes": 2
}