{
    "accuracy": 0.6003500583430572,
    "confusion_matrix": "[[538 319]\n [366 491]]",
    "classification_report": {
        "Fit": {
            "precision": 0.5951327433628318,
            "recall": 0.6277712952158693,
            "f1-score": 0.6110164679159569,
            "support": 857.0
        },
        "Not Fit": {
            "precision": 0.6061728395061728,
            "recall": 0.572928821470245,
            "f1-score": 0.5890821835632873,
            "support": 857.0
        },
        "accuracy": 0.6003500583430572,
        "macro avg": {
            "precision": 0.6006527914345023,
            "recall": 0.6003500583430572,
            "f1-score": 0.6000493257396221,
            "support": 1714.0
        },
        "weighted avg": {
            "precision": 0.6006527914345023,
            "recall": 0.6003500583430572,
            "f1-score": 0.6000493257396221,
            "support": 1714.0
        }
    },
    "per_class_precision": "[0.59513274 0.60617284]",
    "per_class_recall": "[0.6277713  0.57292882]",
    "per_class_f1": "[0.61101647 0.58908218]",
    "per_class_support": "[857 857]",
    "macro_precision": 0.6006527914345023,
    "macro_recall": 0.6003500583430572,
    "macro_f1": 0.6000493257396221,
    "micro_precision": 0.6003500583430572,
    "micro_recall": 0.6003500583430572,
    "micro_f1": 0.6003500583430572,
    "weighted_precision": 0.6006527914345023,
    "weighted_recall": 0.6003500583430572,
    "weighted_f1": 0.6000493257396221,
    "y_true": "674     1\n75      1\n1617    0\n763     1\n1483    0\n       ..\n145     1\n585     1\n208     1\n623     1\n73      1\nName: label, Length: 1714, dtype: int64",
    "y_pred": "[0 1 0 ... 1 0 1]",
    "class_labels": [
        "Fit",
        "Not Fit"
    ],
    "num_samples": 1714,
    "num_classes": 2
}