{
    "accuracy": 0.5840140023337222,
    "confusion_matrix": "[[526 331]\n [382 475]]",
    "classification_report": {
        "Fit": {
            "precision": 0.579295154185022,
            "recall": 0.6137689614935823,
            "f1-score": 0.5960339943342776,
            "support": 857.0
        },
        "Not Fit": {
            "precision": 0.5893300248138957,
            "recall": 0.5542590431738623,
            "f1-score": 0.571256764882742,
            "support": 857.0
        },
        "accuracy": 0.5840140023337222,
        "macro avg": {
            "precision": 0.5843125894994589,
            "recall": 0.5840140023337224,
            "f1-score": 0.5836453796085098,
            "support": 1714.0
        },
        "weighted avg": {
            "precision": 0.5843125894994589,
            "recall": 0.5840140023337222,
            "f1-score": 0.5836453796085098,
            "support": 1714.0
        }
    },
    "per_class_precision": "[0.57929515 0.58933002]",
    "per_class_recall": "[0.61376896 0.55425904]",
    "per_class_f1": "[0.59603399 0.57125676]",
    "per_class_support": "[857 857]",
    "macro_precision": 0.5843125894994589,
    "macro_recall": 0.5840140023337224,
    "macro_f1": 0.5836453796085098,
    "micro_precision": 0.5840140023337222,
    "micro_recall": 0.5840140023337222,
    "micro_f1": 0.5840140023337222,
    "weighted_precision": 0.5843125894994589,
    "weighted_recall": 0.5840140023337222,
    "weighted_f1": 0.5836453796085098,
    "y_true": "674     1\n75      1\n1617    0\n763     1\n1483    0\n       ..\n145     1\n585     1\n208     1\n623     1\n73      1\nName: label, Length: 1714, dtype: int64",
    "y_pred": "[0 1 0 ... 1 0 0]",
    "class_labels": [
        "Fit",
        "Not Fit"
    ],
    "num_samples": 1714,
    "num_classes": 2
}