{
    "accuracy": 0.543757292882147,
    "confusion_matrix": "[[616 241]\n [541 316]]",
    "classification_report": {
        "Fit": {
            "precision": 0.5324114088159032,
            "recall": 0.7187864644107351,
            "f1-score": 0.6117179741807348,
            "support": 857.0
        },
        "Not Fit": {
            "precision": 0.5673249551166966,
            "recall": 0.3687281213535589,
            "f1-score": 0.44695898161244696,
            "support": 857.0
        },
        "accuracy": 0.543757292882147,
        "macro avg": {
            "precision": 0.5498681819662998,
            "recall": 0.543757292882147,
            "f1-score": 0.5293384778965908,
            "support": 1714.0
        },
        "weighted avg": {
            "precision": 0.5498681819662999,
            "recall": 0.543757292882147,
            "f1-score": 0.5293384778965908,
            "support": 1714.0
        }
    },
    "per_class_precision": "[0.53241141 0.56732496]",
    "per_class_recall": "[0.71878646 0.36872812]",
    "per_class_f1": "[0.61171797 0.44695898]",
    "per_class_support": "[857 857]",
    "macro_precision": 0.5498681819662998,
    "macro_recall": 0.543757292882147,
    "macro_f1": 0.5293384778965908,
    "micro_precision": 0.543757292882147,
    "micro_recall": 0.543757292882147,
    "micro_f1": 0.543757292882147,
    "weighted_precision": 0.5498681819662999,
    "weighted_recall": 0.543757292882147,
    "weighted_f1": 0.5293384778965908,
    "y_true": "674     1\n75      1\n1617    0\n763     1\n1483    0\n       ..\n145     1\n585     1\n208     1\n623     1\n73      1\nName: label, Length: 1714, dtype: int64",
    "y_pred": "[0 1 0 ... 1 0 0]",
    "class_labels": [
        "Fit",
        "Not Fit"
    ],
    "num_samples": 1714,
    "num_classes": 2
}