{
    "accuracy": 0.6505250875145857,
    "confusion_matrix": "[[567 290]\n [309 548]]",
    "classification_report": {
        "Fit": {
            "precision": 0.6472602739726028,
            "recall": 0.661610268378063,
            "f1-score": 0.6543566070398154,
            "support": 857.0
        },
        "Not Fit": {
            "precision": 0.6539379474940334,
            "recall": 0.6394399066511085,
            "f1-score": 0.6466076696165192,
            "support": 857.0
        },
        "accuracy": 0.6505250875145857,
        "macro avg": {
            "precision": 0.6505991107333181,
            "recall": 0.6505250875145858,
            "f1-score": 0.6504821383281673,
            "support": 1714.0
        },
        "weighted avg": {
            "precision": 0.6505991107333182,
            "recall": 0.6505250875145857,
            "f1-score": 0.6504821383281671,
            "support": 1714.0
        }
    },
    "per_class_precision": "[0.64726027 0.65393795]",
    "per_class_recall": "[0.66161027 0.63943991]",
    "per_class_f1": "[0.65435661 0.64660767]",
    "per_class_support": "[857 857]",
    "macro_precision": 0.6505991107333181,
    "macro_recall": 0.6505250875145858,
    "macro_f1": 0.6504821383281673,
    "micro_precision": 0.6505250875145857,
    "micro_recall": 0.6505250875145857,
    "micro_f1": 0.6505250875145857,
    "weighted_precision": 0.6505991107333182,
    "weighted_recall": 0.6505250875145857,
    "weighted_f1": 0.6504821383281671,
    "y_true": "674     1\n75      1\n1617    0\n763     1\n1483    0\n       ..\n145     1\n585     1\n208     1\n623     1\n73      1\nName: label, Length: 1714, dtype: int64",
    "y_pred": "[0 1 0 ... 0 0 1]",
    "class_labels": [
        "Fit",
        "Not Fit"
    ],
    "num_samples": 1714,
    "num_classes": 2
}