{
    "accuracy": 0.6207701283547258,
    "confusion_matrix": "[[467 390]\n [260 597]]",
    "classification_report": {
        "Fit": {
            "precision": 0.6423658872077029,
            "recall": 0.544924154025671,
            "f1-score": 0.5896464646464646,
            "support": 857.0
        },
        "Not Fit": {
            "precision": 0.6048632218844985,
            "recall": 0.6966161026837806,
            "f1-score": 0.6475054229934925,
            "support": 857.0
        },
        "accuracy": 0.6207701283547258,
        "macro avg": {
            "precision": 0.6236145545461007,
            "recall": 0.6207701283547258,
            "f1-score": 0.6185759438199785,
            "support": 1714.0
        },
        "weighted avg": {
            "precision": 0.6236145545461007,
            "recall": 0.6207701283547258,
            "f1-score": 0.6185759438199786,
            "support": 1714.0
        }
    },
    "per_class_precision": "[0.64236589 0.60486322]",
    "per_class_recall": "[0.54492415 0.6966161 ]",
    "per_class_f1": "[0.58964646 0.64750542]",
    "per_class_support": "[857 857]",
    "macro_precision": 0.6236145545461007,
    "macro_recall": 0.6207701283547258,
    "macro_f1": 0.6185759438199785,
    "micro_precision": 0.6207701283547258,
    "micro_recall": 0.6207701283547258,
    "micro_f1": 0.6207701283547258,
    "weighted_precision": 0.6236145545461007,
    "weighted_recall": 0.6207701283547258,
    "weighted_f1": 0.6185759438199786,
    "y_true": "674     1\n75      1\n1617    0\n763     1\n1483    0\n       ..\n145     1\n585     1\n208     1\n623     1\n73      1\nName: label, Length: 1714, dtype: int64",
    "y_pred": "[1 1 0 ... 1 0 1]",
    "class_labels": [
        "Fit",
        "Not Fit"
    ],
    "num_samples": 1714,
    "num_classes": 2
}