{
    "accuracy": 0.6511085180863477,
    "confusion_matrix": "[[564 293]\n [305 552]]",
    "classification_report": {
        "Fit": {
            "precision": 0.6490218642117376,
            "recall": 0.6581096849474912,
            "f1-score": 0.6535341830822712,
            "support": 857.0
        },
        "Not Fit": {
            "precision": 0.6532544378698225,
            "recall": 0.6441073512252042,
            "f1-score": 0.6486486486486487,
            "support": 857.0
        },
        "accuracy": 0.6511085180863477,
        "macro avg": {
            "precision": 0.6511381510407801,
            "recall": 0.6511085180863477,
            "f1-score": 0.6510914158654599,
            "support": 1714.0
        },
        "weighted avg": {
            "precision": 0.65113815104078,
            "recall": 0.6511085180863477,
            "f1-score": 0.6510914158654599,
            "support": 1714.0
        }
    },
    "per_class_precision": "[0.64902186 0.65325444]",
    "per_class_recall": "[0.65810968 0.64410735]",
    "per_class_f1": "[0.65353418 0.64864865]",
    "per_class_support": "[857 857]",
    "macro_precision": 0.6511381510407801,
    "macro_recall": 0.6511085180863477,
    "macro_f1": 0.6510914158654599,
    "micro_precision": 0.6511085180863477,
    "micro_recall": 0.6511085180863477,
    "micro_f1": 0.6511085180863477,
    "weighted_precision": 0.65113815104078,
    "weighted_recall": 0.6511085180863477,
    "weighted_f1": 0.6510914158654599,
    "y_true": "674     1\n75      1\n1617    0\n763     1\n1483    0\n       ..\n145     1\n585     1\n208     1\n623     1\n73      1\nName: label, Length: 1714, dtype: int64",
    "y_pred": "[0 1 0 ... 1 0 1]",
    "class_labels": [
        "Fit",
        "Not Fit"
    ],
    "num_samples": 1714,
    "num_classes": 2
}