{
    "accuracy": 0.6050175029171528,
    "confusion_matrix": "[[584 273]\n [404 453]]",
    "classification_report": {
        "Fit": {
            "precision": 0.5910931174089069,
            "recall": 0.6814469078179697,
            "f1-score": 0.6330623306233062,
            "support": 857.0
        },
        "Not Fit": {
            "precision": 0.6239669421487604,
            "recall": 0.5285880980163361,
            "f1-score": 0.5723310170562224,
            "support": 857.0
        },
        "accuracy": 0.6050175029171528,
        "macro avg": {
            "precision": 0.6075300297788336,
            "recall": 0.605017502917153,
            "f1-score": 0.6026966738397643,
            "support": 1714.0
        },
        "weighted avg": {
            "precision": 0.6075300297788336,
            "recall": 0.6050175029171528,
            "f1-score": 0.6026966738397643,
            "support": 1714.0
        }
    },
    "per_class_precision": "[0.59109312 0.62396694]",
    "per_class_recall": "[0.68144691 0.5285881 ]",
    "per_class_f1": "[0.63306233 0.57233102]",
    "per_class_support": "[857 857]",
    "macro_precision": 0.6075300297788336,
    "macro_recall": 0.605017502917153,
    "macro_f1": 0.6026966738397643,
    "micro_precision": 0.6050175029171528,
    "micro_recall": 0.6050175029171528,
    "micro_f1": 0.6050175029171528,
    "weighted_precision": 0.6075300297788336,
    "weighted_recall": 0.6050175029171528,
    "weighted_f1": 0.6026966738397643,
    "y_true": "674     1\n75      1\n1617    0\n763     1\n1483    0\n       ..\n145     1\n585     1\n208     1\n623     1\n73      1\nName: label, Length: 1714, dtype: int64",
    "y_pred": "[0 1 0 ... 0 0 1]",
    "class_labels": [
        "Fit",
        "Not Fit"
    ],
    "num_samples": 1714,
    "num_classes": 2
}