{
    "accuracy": 0.6009334889148191,
    "confusion_matrix": "[[541 316]\n [368 489]]",
    "classification_report": {
        "Fit": {
            "precision": 0.5951595159515951,
            "recall": 0.6312718786464411,
            "f1-score": 0.6126840317100792,
            "support": 857.0
        },
        "Not Fit": {
            "precision": 0.6074534161490683,
            "recall": 0.5705950991831972,
            "f1-score": 0.5884476534296029,
            "support": 857.0
        },
        "accuracy": 0.6009334889148191,
        "macro avg": {
            "precision": 0.6013064660503318,
            "recall": 0.6009334889148191,
            "f1-score": 0.600565842569841,
            "support": 1714.0
        },
        "weighted avg": {
            "precision": 0.6013064660503317,
            "recall": 0.6009334889148191,
            "f1-score": 0.6005658425698411,
            "support": 1714.0
        }
    },
    "per_class_precision": "[0.59515952 0.60745342]",
    "per_class_recall": "[0.63127188 0.5705951 ]",
    "per_class_f1": "[0.61268403 0.58844765]",
    "per_class_support": "[857 857]",
    "macro_precision": 0.6013064660503318,
    "macro_recall": 0.6009334889148191,
    "macro_f1": 0.600565842569841,
    "micro_precision": 0.6009334889148191,
    "micro_recall": 0.6009334889148191,
    "micro_f1": 0.6009334889148191,
    "weighted_precision": 0.6013064660503317,
    "weighted_recall": 0.6009334889148191,
    "weighted_f1": 0.6005658425698411,
    "y_true": "674     1\n75      1\n1617    0\n763     1\n1483    0\n       ..\n145     1\n585     1\n208     1\n623     1\n73      1\nName: label, Length: 1714, dtype: int64",
    "y_pred": "[1 1 0 ... 0 0 1]",
    "class_labels": [
        "Fit",
        "Not Fit"
    ],
    "num_samples": 1714,
    "num_classes": 2
}