{
    "accuracy": 0.647024504084014,
    "confusion_matrix": "[[572 285]\n [320 537]]",
    "classification_report": {
        "Fit": {
            "precision": 0.6412556053811659,
            "recall": 0.6674445740956826,
            "f1-score": 0.6540880503144654,
            "support": 857.0
        },
        "Not Fit": {
            "precision": 0.6532846715328468,
            "recall": 0.6266044340723453,
            "f1-score": 0.6396664681357951,
            "support": 857.0
        },
        "accuracy": 0.647024504084014,
        "macro avg": {
            "precision": 0.6472701384570063,
            "recall": 0.6470245040840139,
            "f1-score": 0.6468772592251302,
            "support": 1714.0
        },
        "weighted avg": {
            "precision": 0.6472701384570063,
            "recall": 0.647024504084014,
            "f1-score": 0.6468772592251303,
            "support": 1714.0
        }
    },
    "per_class_precision": "[0.64125561 0.65328467]",
    "per_class_recall": "[0.66744457 0.62660443]",
    "per_class_f1": "[0.65408805 0.63966647]",
    "per_class_support": "[857 857]",
    "macro_precision": 0.6472701384570063,
    "macro_recall": 0.6470245040840139,
    "macro_f1": 0.6468772592251302,
    "micro_precision": 0.647024504084014,
    "micro_recall": 0.647024504084014,
    "micro_f1": 0.647024504084014,
    "weighted_precision": 0.6472701384570063,
    "weighted_recall": 0.647024504084014,
    "weighted_f1": 0.6468772592251303,
    "y_true": "674     1\n75      1\n1617    0\n763     1\n1483    0\n       ..\n145     1\n585     1\n208     1\n623     1\n73      1\nName: label, Length: 1714, dtype: int64",
    "y_pred": "[0 1 0 ... 0 0 1]",
    "class_labels": [
        "Fit",
        "Not Fit"
    ],
    "num_samples": 1714,
    "num_classes": 2
}